,task_0,task_1,task_2,task_3,task_4,task_5,task_6,task_7,task_8,task_9
after_task_0,0.9748,0.0,0.0,0.0,0.0,0.0,0.0,0.0,0.0,0.0
after_task_1,0.8592,0.9772,0.0,0.0,0.0,0.0,0.0,0.0,0.0,0.0
after_task_2,0.8113,0.9473,0.9792,0.0,0.0,0.0,0.0,0.0,0.0,0.0
after_task_3,0.6648,0.9272,0.9379,0.9775,0.0,0.0,0.0,0.0,0.0,0.0
after_task_4,0.5786,0.8642,0.9017,0.9432,0.9763,0.0,0.0,0.0,0.0,0.0
after_task_5,0.5945,0.6476,0.8012,0.8711,0.945,0.9771,0.0,0.0,0.0,0.0
after_task_6,0.4344,0.5178,0.6008,0.785,0.8883,0.9276,0.9771,0.0,0.0,0.0
after_task_7,0.3474,0.4421,0.5118,0.6194,0.7559,0.8417,0.9362,0.9782,0.0,0.0
after_task_8,0.3459,0.3995,0.493,0.434,0.6086,0.6439,0.8287,0.9409,0.9756,0.0
after_task_9,0.2619,0.2146,0.3705,0.301,0.5053,0.4898,0.5638,0.8783,0.9261,0.9767
